{"cameraMode":{"drawMode":0,"name":"Shaded","section":"Shading Mode"},"sceneLighting":true,"audioPlay":false,"sceneViewState":{"m_AlwaysRefresh":false,"showFog":true,"showSkybox":true,"showFlares":true,"showImageEffects":true,"showParticleSystems":true,"showVisualEffectGraphs":true,"m_FxEnabled":true},"in2DMode":false,"pivot":{"x":0.03615851700305939,"y":0.04290953278541565,"z":-0.021068871021270753},"rotation":{"x":-0.03827381134033203,"y":0.9614596962928772,"z":-0.203731968998909,"w":-0.18062351644039155},"size":0.2660253643989563,"orthographic":false}