{"cameraMode":{"drawMode":0,"name":"Shaded","section":"Shading Mode"},"sceneLighting":false,"audioPlay":false,"sceneViewState":{"m_AlwaysRefresh":false,"showFog":true,"showSkybox":false,"showFlares":true,"showImageEffects":true,"showParticleSystems":true,"showVisualEffectGraphs":true,"m_FxEnabled":true},"in2DMode":false,"pivot":{"x":0.0525873526930809,"y":0.12471845746040344,"z":0.31320109963417055},"rotation":{"x":-0.013223781250417233,"y":0.9773903489112854,"z":-0.20098759233951569,"w":-0.06430642306804657},"size":0.33439451456069949,"orthographic":false}