{"cameraMode":{"drawMode":0,"name":"Shaded","section":"Shading Mode"},"sceneLighting":false,"audioPlay":false,"sceneViewState":{"m_AlwaysRefresh":false,"showFog":true,"showSkybox":false,"showFlares":true,"showImageEffects":true,"showParticleSystems":true,"showVisualEffectGraphs":true,"m_FxEnabled":true},"in2DMode":false,"pivot":{"x":-0.029455646872520448,"y":0.030045971274375917,"z":-0.025456666946411134},"rotation":{"x":-0.05260048061609268,"y":0.947088897228241,"z":-0.21110114455223084,"w":-0.2359880656003952},"size":0.2739143967628479,"orthographic":false}